<?xml version="1.0" encoding="UTF-8" ?>
<!DOCTYPE mapper PUBLIC "-//mybatis.org//DTD Mapper 3.0//EN" "http://mybatis.org/dtd/mybatis-3-mapper.dtd" >
<mapper namespace="com.kbds.weChat.dao.ConferenceGuestMapper" >
  <resultMap id="BaseResultMap" type="com.kbds.weChat.entity.ConferenceGuest" >
    <id column="id" property="id" jdbcType="INTEGER" />
    <result column="conference_id" property="conferenceId" jdbcType="INTEGER" />
    <result column="guest_id" property="guestId" jdbcType="INTEGER" />
    <result column="sort_order" property="sortOrder" jdbcType="INTEGER" />
    <result column="user_id" property="userId" jdbcType="INTEGER" />
    <result column="created" property="created" jdbcType="TIMESTAMP" />
    <result column="status" property="status" jdbcType="INTEGER" />
  </resultMap>
  <sql id="Base_Column_List" >
    id, conference_id, guest_id, sort_order, user_id, created, status
  </sql>
  <select id="selectByPrimaryKey" resultMap="BaseResultMap" parameterType="java.lang.Integer" >
    select 
    <include refid="Base_Column_List" />
    from kb_conference_guest
    where id = #{id,jdbcType=INTEGER}
  </select>
  <delete id="deleteByPrimaryKey" parameterType="java.lang.Integer" >
    delete from kb_conference_guest
    where id = #{id,jdbcType=INTEGER}
  </delete>
  <insert id="insert" parameterType="com.kbds.weChat.entity.ConferenceGuest" >
    insert into kb_conference_guest (id, conference_id, guest_id, 
      sort_order, user_id, created, 
      status)
    values (#{id,jdbcType=INTEGER}, #{conferenceId,jdbcType=INTEGER}, #{guestId,jdbcType=INTEGER}, 
      #{sortOrder,jdbcType=INTEGER}, #{userId,jdbcType=INTEGER}, #{created,jdbcType=TIMESTAMP}, 
      #{status,jdbcType=INTEGER})
  </insert>
  <insert id="insertSelective" parameterType="com.kbds.weChat.entity.ConferenceGuest" >
    insert into kb_conference_guest
    <trim prefix="(" suffix=")" suffixOverrides="," >
      <if test="id != null" >
        id,
      </if>
      <if test="conferenceId != null" >
        conference_id,
      </if>
      <if test="guestId != null" >
        guest_id,
      </if>
      <if test="sortOrder != null" >
        sort_order,
      </if>
      <if test="userId != null" >
        user_id,
      </if>
      <if test="created != null" >
        created,
      </if>
      <if test="status != null" >
        status,
      </if>
    </trim>
    <trim prefix="values (" suffix=")" suffixOverrides="," >
      <if test="id != null" >
        #{id,jdbcType=INTEGER},
      </if>
      <if test="conferenceId != null" >
        #{conferenceId,jdbcType=INTEGER},
      </if>
      <if test="guestId != null" >
        #{guestId,jdbcType=INTEGER},
      </if>
      <if test="sortOrder != null" >
        #{sortOrder,jdbcType=INTEGER},
      </if>
      <if test="userId != null" >
        #{userId,jdbcType=INTEGER},
      </if>
      <if test="created != null" >
        #{created,jdbcType=TIMESTAMP},
      </if>
      <if test="status != null" >
        #{status,jdbcType=INTEGER},
      </if>
    </trim>
  </insert>
  <update id="updateByPrimaryKeySelective" parameterType="com.kbds.weChat.entity.ConferenceGuest" >
    update kb_conference_guest
    <set >
      <if test="conferenceId != null" >
        conference_id = #{conferenceId,jdbcType=INTEGER},
      </if>
      <if test="guestId != null" >
        guest_id = #{guestId,jdbcType=INTEGER},
      </if>
      <if test="sortOrder != null" >
        sort_order = #{sortOrder,jdbcType=INTEGER},
      </if>
      <if test="userId != null" >
        user_id = #{userId,jdbcType=INTEGER},
      </if>
      <if test="created != null" >
        created = #{created,jdbcType=TIMESTAMP},
      </if>
      <if test="status != null" >
        status = #{status,jdbcType=INTEGER},
      </if>
    </set>
    where id = #{id,jdbcType=INTEGER}
  </update>
  <update id="updateByPrimaryKey" parameterType="com.kbds.weChat.entity.ConferenceGuest" >
    update kb_conference_guest
    set conference_id = #{conferenceId,jdbcType=INTEGER},
      guest_id = #{guestId,jdbcType=INTEGER},
      sort_order = #{sortOrder,jdbcType=INTEGER},
      user_id = #{userId,jdbcType=INTEGER},
      created = #{created,jdbcType=TIMESTAMP},
      status = #{status,jdbcType=INTEGER}
    where id = #{id,jdbcType=INTEGER}
  </update>
</mapper>