<?xml version="1.0" encoding="UTF-8" ?>
<!DOCTYPE mapper PUBLIC "-//mybatis.org//DTD Mapper 3.0//EN" "http://mybatis.org/dtd/mybatis-3-mapper.dtd" >
<mapper namespace="com.kbds.weChat.dao.ConferenceCategoryMapper" >
  <resultMap id="BaseResultMap" type="com.kbds.weChat.entity.ConferenceCategory" >
    <id column="id" property="id" jdbcType="INTEGER" />
    <result column="name" property="name" jdbcType="VARCHAR" />
    <result column="content" property="content" jdbcType="VARCHAR" />
    <result column="keywords" property="keywords" jdbcType="VARCHAR" />
    <result column="created" property="created" jdbcType="TIMESTAMP" />
  </resultMap>
  <sql id="Base_Column_List" >
    id, name, content, keywords, created
  </sql>
  <select id="selectByPrimaryKey" resultMap="BaseResultMap" parameterType="java.lang.Integer" >
    select 
    <include refid="Base_Column_List" />
    from kb_conference_category
    where id = #{id,jdbcType=INTEGER}
  </select>
  <delete id="deleteByPrimaryKey" parameterType="java.lang.Integer" >
    delete from kb_conference_category
    where id = #{id,jdbcType=INTEGER}
  </delete>
  <insert id="insert" parameterType="com.kbds.weChat.entity.ConferenceCategory" >
    insert into kb_conference_category (id, name, content, 
      keywords, created)
    values (#{id,jdbcType=INTEGER}, #{name,jdbcType=VARCHAR}, #{content,jdbcType=VARCHAR}, 
      #{keywords,jdbcType=VARCHAR}, #{created,jdbcType=TIMESTAMP})
  </insert>
  <insert id="insertSelective" parameterType="com.kbds.weChat.entity.ConferenceCategory" >
    insert into kb_conference_category
    <trim prefix="(" suffix=")" suffixOverrides="," >
      <if test="id != null" >
        id,
      </if>
      <if test="name != null" >
        name,
      </if>
      <if test="content != null" >
        content,
      </if>
      <if test="keywords != null" >
        keywords,
      </if>
      <if test="created != null" >
        created,
      </if>
    </trim>
    <trim prefix="values (" suffix=")" suffixOverrides="," >
      <if test="id != null" >
        #{id,jdbcType=INTEGER},
      </if>
      <if test="name != null" >
        #{name,jdbcType=VARCHAR},
      </if>
      <if test="content != null" >
        #{content,jdbcType=VARCHAR},
      </if>
      <if test="keywords != null" >
        #{keywords,jdbcType=VARCHAR},
      </if>
      <if test="created != null" >
        #{created,jdbcType=TIMESTAMP},
      </if>
    </trim>
  </insert>
  <update id="updateByPrimaryKeySelective" parameterType="com.kbds.weChat.entity.ConferenceCategory" >
    update kb_conference_category
    <set >
      <if test="name != null" >
        name = #{name,jdbcType=VARCHAR},
      </if>
      <if test="content != null" >
        content = #{content,jdbcType=VARCHAR},
      </if>
      <if test="keywords != null" >
        keywords = #{keywords,jdbcType=VARCHAR},
      </if>
      <if test="created != null" >
        created = #{created,jdbcType=TIMESTAMP},
      </if>
    </set>
    where id = #{id,jdbcType=INTEGER}
  </update>
  <update id="updateByPrimaryKey" parameterType="com.kbds.weChat.entity.ConferenceCategory" >
    update kb_conference_category
    set name = #{name,jdbcType=VARCHAR},
      content = #{content,jdbcType=VARCHAR},
      keywords = #{keywords,jdbcType=VARCHAR},
      created = #{created,jdbcType=TIMESTAMP}
    where id = #{id,jdbcType=INTEGER}
  </update>
</mapper>