<?xml version="1.0" encoding="UTF-8" ?>
<!DOCTYPE mapper PUBLIC "-//mybatis.org//DTD Mapper 3.0//EN" "http://mybatis.org/dtd/mybatis-3-mapper.dtd" >
<mapper namespace="com.kbds.weChat.dao.ConfPlanAgendaMapper" >
  <resultMap id="BaseResultMap" type="com.kbds.weChat.entity.ConfPlanAgenda" >
    <id column="id" property="id" jdbcType="INTEGER" />
    <result column="conference_id" property="conferenceId" jdbcType="INTEGER" />
    <result column="subject" property="subject" jdbcType="VARCHAR" />
    <result column="category_id" property="categoryId" jdbcType="INTEGER" />
    <result column="brief" property="brief" jdbcType="VARCHAR" />
    <result column="user_id" property="userId" jdbcType="INTEGER" />
    <result column="created" property="created" jdbcType="TIMESTAMP" />
    <result column="status" property="status" jdbcType="INTEGER" />
  </resultMap>
  <sql id="Base_Column_List" >
    id, conference_id, subject, category_id, brief, user_id, created, status
  </sql>
  <select id="selectByPrimaryKey" resultMap="BaseResultMap" parameterType="java.lang.Integer" >
    select 
    <include refid="Base_Column_List" />
    from kb_conf_plan_agenda
    where id = #{id,jdbcType=INTEGER}
  </select>
  <delete id="deleteByPrimaryKey" parameterType="java.lang.Integer" >
    delete from kb_conf_plan_agenda
    where id = #{id,jdbcType=INTEGER}
  </delete>
  <insert id="insert" parameterType="com.kbds.weChat.entity.ConfPlanAgenda" >
    insert into kb_conf_plan_agenda (id, conference_id, subject, 
      category_id, brief, user_id, 
      created, status)
    values (#{id,jdbcType=INTEGER}, #{conferenceId,jdbcType=INTEGER}, #{subject,jdbcType=VARCHAR}, 
      #{categoryId,jdbcType=INTEGER}, #{brief,jdbcType=VARCHAR}, #{userId,jdbcType=INTEGER}, 
      #{created,jdbcType=TIMESTAMP}, #{status,jdbcType=INTEGER})
  </insert>
  <insert id="insertSelective" parameterType="com.kbds.weChat.entity.ConfPlanAgenda" >
    insert into kb_conf_plan_agenda
    <trim prefix="(" suffix=")" suffixOverrides="," >
      <if test="id != null" >
        id,
      </if>
      <if test="conferenceId != null" >
        conference_id,
      </if>
      <if test="subject != null" >
        subject,
      </if>
      <if test="categoryId != null" >
        category_id,
      </if>
      <if test="brief != null" >
        brief,
      </if>
      <if test="userId != null" >
        user_id,
      </if>
      <if test="created != null" >
        created,
      </if>
      <if test="status != null" >
        status,
      </if>
    </trim>
    <trim prefix="values (" suffix=")" suffixOverrides="," >
      <if test="id != null" >
        #{id,jdbcType=INTEGER},
      </if>
      <if test="conferenceId != null" >
        #{conferenceId,jdbcType=INTEGER},
      </if>
      <if test="subject != null" >
        #{subject,jdbcType=VARCHAR},
      </if>
      <if test="categoryId != null" >
        #{categoryId,jdbcType=INTEGER},
      </if>
      <if test="brief != null" >
        #{brief,jdbcType=VARCHAR},
      </if>
      <if test="userId != null" >
        #{userId,jdbcType=INTEGER},
      </if>
      <if test="created != null" >
        #{created,jdbcType=TIMESTAMP},
      </if>
      <if test="status != null" >
        #{status,jdbcType=INTEGER},
      </if>
    </trim>
  </insert>
  <update id="updateByPrimaryKeySelective" parameterType="com.kbds.weChat.entity.ConfPlanAgenda" >
    update kb_conf_plan_agenda
    <set >
      <if test="conferenceId != null" >
        conference_id = #{conferenceId,jdbcType=INTEGER},
      </if>
      <if test="subject != null" >
        subject = #{subject,jdbcType=VARCHAR},
      </if>
      <if test="categoryId != null" >
        category_id = #{categoryId,jdbcType=INTEGER},
      </if>
      <if test="brief != null" >
        brief = #{brief,jdbcType=VARCHAR},
      </if>
      <if test="userId != null" >
        user_id = #{userId,jdbcType=INTEGER},
      </if>
      <if test="created != null" >
        created = #{created,jdbcType=TIMESTAMP},
      </if>
      <if test="status != null" >
        status = #{status,jdbcType=INTEGER},
      </if>
    </set>
    where id = #{id,jdbcType=INTEGER}
  </update>
  <update id="updateByPrimaryKey" parameterType="com.kbds.weChat.entity.ConfPlanAgenda" >
    update kb_conf_plan_agenda
    set conference_id = #{conferenceId,jdbcType=INTEGER},
      subject = #{subject,jdbcType=VARCHAR},
      category_id = #{categoryId,jdbcType=INTEGER},
      brief = #{brief,jdbcType=VARCHAR},
      user_id = #{userId,jdbcType=INTEGER},
      created = #{created,jdbcType=TIMESTAMP},
      status = #{status,jdbcType=INTEGER}
    where id = #{id,jdbcType=INTEGER}
  </update>
</mapper>