<?xml version="1.0" encoding="UTF-8" ?>
<!DOCTYPE mapper PUBLIC "-//mybatis.org//DTD Mapper 3.0//EN" "http://mybatis.org/dtd/mybatis-3-mapper.dtd" >
<mapper namespace="com.kbds.weChat.dao.ConferencesMapper" >
  <resultMap id="BaseResultMap" type="com.kbds.weChat.entity.Conferences" >
    <id column="id" property="id" jdbcType="INTEGER" />
    <result column="name" property="name" jdbcType="VARCHAR" />
    <result column="start_date" property="startDate" jdbcType="VARCHAR" />
    <result column="end_date" property="endDate" jdbcType="VARCHAR" />
    <result column="hold_place" property="holdPlace" jdbcType="VARCHAR" />
    <result column="hold_unit" property="holdUnit" jdbcType="VARCHAR" />
    <result column="do_unit" property="doUnit" jdbcType="VARCHAR" />
    <result column="ass_unit" property="assUnit" jdbcType="VARCHAR" />
    <result column="pic_url" property="picUrl" jdbcType="VARCHAR" />
    <result column="qrcode" property="qrcode" jdbcType="VARCHAR" />
    <result column="reg_start" property="regStart" jdbcType="VARCHAR" />
    <result column="reg_end" property="regEnd" jdbcType="VARCHAR" />
    <result column="status" property="status" jdbcType="INTEGER" />
    <result column="user_id" property="userId" jdbcType="INTEGER" />
    <result column="created" property="created" jdbcType="TIMESTAMP" />
  </resultMap>
  <resultMap id="ResultMapWithBLOBs" type="com.kbds.weChat.entity.Conferences" extends="BaseResultMap" >
    <result column="brief" property="brief" jdbcType="VARBINARY" />
  </resultMap>
  <sql id="Base_Column_List" >
    id, name, start_date, end_date, hold_place, hold_unit, do_unit, ass_unit, pic_url, 
    qrcode, reg_start, reg_end, status, user_id, created
  </sql>
  <sql id="Blob_Column_List" >
    brief
  </sql>
  <select id="selectByPrimaryKey" resultMap="ResultMapWithBLOBs" parameterType="java.lang.Integer" >
    select 
    <include refid="Base_Column_List" />
    ,
    <include refid="Blob_Column_List" />
    from kb_conferences
    where id = #{id,jdbcType=INTEGER}
  </select>
  <delete id="deleteByPrimaryKey" parameterType="java.lang.Integer" >
    delete from kb_conferences
    where id = #{id,jdbcType=INTEGER}
  </delete>
  <insert id="insert" parameterType="com.kbds.weChat.entity.Conferences" >
    insert into kb_conferences (id, name, start_date, 
      end_date, hold_place, hold_unit, 
      do_unit, ass_unit, pic_url, 
      qrcode, reg_start, reg_end, 
      status, user_id, created, 
      brief)
    values (#{id,jdbcType=INTEGER}, #{name,jdbcType=VARCHAR}, #{startDate,jdbcType=VARCHAR}, 
      #{endDate,jdbcType=VARCHAR}, #{holdPlace,jdbcType=VARCHAR}, #{holdUnit,jdbcType=VARCHAR}, 
      #{doUnit,jdbcType=VARCHAR}, #{assUnit,jdbcType=VARCHAR}, #{picUrl,jdbcType=VARCHAR}, 
      #{qrcode,jdbcType=VARCHAR}, #{regStart,jdbcType=VARCHAR}, #{regEnd,jdbcType=VARCHAR}, 
      #{status,jdbcType=INTEGER}, #{userId,jdbcType=INTEGER}, #{created,jdbcType=TIMESTAMP}, 
      #{brief,jdbcType=VARBINARY})
  </insert>
  <insert id="insertSelective" parameterType="com.kbds.weChat.entity.Conferences" >
    insert into kb_conferences
    <trim prefix="(" suffix=")" suffixOverrides="," >
      <if test="id != null" >
        id,
      </if>
      <if test="name != null" >
        name,
      </if>
      <if test="startDate != null" >
        start_date,
      </if>
      <if test="endDate != null" >
        end_date,
      </if>
      <if test="holdPlace != null" >
        hold_place,
      </if>
      <if test="holdUnit != null" >
        hold_unit,
      </if>
      <if test="doUnit != null" >
        do_unit,
      </if>
      <if test="assUnit != null" >
        ass_unit,
      </if>
      <if test="picUrl != null" >
        pic_url,
      </if>
      <if test="qrcode != null" >
        qrcode,
      </if>
      <if test="regStart != null" >
        reg_start,
      </if>
      <if test="regEnd != null" >
        reg_end,
      </if>
      <if test="status != null" >
        status,
      </if>
      <if test="userId != null" >
        user_id,
      </if>
      <if test="created != null" >
        created,
      </if>
      <if test="brief != null" >
        brief,
      </if>
    </trim>
    <trim prefix="values (" suffix=")" suffixOverrides="," >
      <if test="id != null" >
        #{id,jdbcType=INTEGER},
      </if>
      <if test="name != null" >
        #{name,jdbcType=VARCHAR},
      </if>
      <if test="startDate != null" >
        #{startDate,jdbcType=VARCHAR},
      </if>
      <if test="endDate != null" >
        #{endDate,jdbcType=VARCHAR},
      </if>
      <if test="holdPlace != null" >
        #{holdPlace,jdbcType=VARCHAR},
      </if>
      <if test="holdUnit != null" >
        #{holdUnit,jdbcType=VARCHAR},
      </if>
      <if test="doUnit != null" >
        #{doUnit,jdbcType=VARCHAR},
      </if>
      <if test="assUnit != null" >
        #{assUnit,jdbcType=VARCHAR},
      </if>
      <if test="picUrl != null" >
        #{picUrl,jdbcType=VARCHAR},
      </if>
      <if test="qrcode != null" >
        #{qrcode,jdbcType=VARCHAR},
      </if>
      <if test="regStart != null" >
        #{regStart,jdbcType=VARCHAR},
      </if>
      <if test="regEnd != null" >
        #{regEnd,jdbcType=VARCHAR},
      </if>
      <if test="status != null" >
        #{status,jdbcType=INTEGER},
      </if>
      <if test="userId != null" >
        #{userId,jdbcType=INTEGER},
      </if>
      <if test="created != null" >
        #{created,jdbcType=TIMESTAMP},
      </if>
      <if test="brief != null" >
        #{brief,jdbcType=VARBINARY},
      </if>
    </trim>
  </insert>
  <update id="updateByPrimaryKeySelective" parameterType="com.kbds.weChat.entity.Conferences" >
    update kb_conferences
    <set >
      <if test="name != null" >
        name = #{name,jdbcType=VARCHAR},
      </if>
      <if test="startDate != null" >
        start_date = #{startDate,jdbcType=VARCHAR},
      </if>
      <if test="endDate != null" >
        end_date = #{endDate,jdbcType=VARCHAR},
      </if>
      <if test="holdPlace != null" >
        hold_place = #{holdPlace,jdbcType=VARCHAR},
      </if>
      <if test="holdUnit != null" >
        hold_unit = #{holdUnit,jdbcType=VARCHAR},
      </if>
      <if test="doUnit != null" >
        do_unit = #{doUnit,jdbcType=VARCHAR},
      </if>
      <if test="assUnit != null" >
        ass_unit = #{assUnit,jdbcType=VARCHAR},
      </if>
      <if test="picUrl != null" >
        pic_url = #{picUrl,jdbcType=VARCHAR},
      </if>
      <if test="qrcode != null" >
        qrcode = #{qrcode,jdbcType=VARCHAR},
      </if>
      <if test="regStart != null" >
        reg_start = #{regStart,jdbcType=VARCHAR},
      </if>
      <if test="regEnd != null" >
        reg_end = #{regEnd,jdbcType=VARCHAR},
      </if>
      <if test="status != null" >
        status = #{status,jdbcType=INTEGER},
      </if>
      <if test="userId != null" >
        user_id = #{userId,jdbcType=INTEGER},
      </if>
      <if test="created != null" >
        created = #{created,jdbcType=TIMESTAMP},
      </if>
      <if test="brief != null" >
        brief = #{brief,jdbcType=VARBINARY},
      </if>
    </set>
    where id = #{id,jdbcType=INTEGER}
  </update>
  <update id="updateByPrimaryKeyWithBLOBs" parameterType="com.kbds.weChat.entity.Conferences" >
    update kb_conferences
    set name = #{name,jdbcType=VARCHAR},
      start_date = #{startDate,jdbcType=VARCHAR},
      end_date = #{endDate,jdbcType=VARCHAR},
      hold_place = #{holdPlace,jdbcType=VARCHAR},
      hold_unit = #{holdUnit,jdbcType=VARCHAR},
      do_unit = #{doUnit,jdbcType=VARCHAR},
      ass_unit = #{assUnit,jdbcType=VARCHAR},
      pic_url = #{picUrl,jdbcType=VARCHAR},
      qrcode = #{qrcode,jdbcType=VARCHAR},
      reg_start = #{regStart,jdbcType=VARCHAR},
      reg_end = #{regEnd,jdbcType=VARCHAR},
      status = #{status,jdbcType=INTEGER},
      user_id = #{userId,jdbcType=INTEGER},
      created = #{created,jdbcType=TIMESTAMP},
      brief = #{brief,jdbcType=VARBINARY}
    where id = #{id,jdbcType=INTEGER}
  </update>
  <update id="updateByPrimaryKey" parameterType="com.kbds.weChat.entity.Conferences" >
    update kb_conferences
    set name = #{name,jdbcType=VARCHAR},
      start_date = #{startDate,jdbcType=VARCHAR},
      end_date = #{endDate,jdbcType=VARCHAR},
      hold_place = #{holdPlace,jdbcType=VARCHAR},
      hold_unit = #{holdUnit,jdbcType=VARCHAR},
      do_unit = #{doUnit,jdbcType=VARCHAR},
      ass_unit = #{assUnit,jdbcType=VARCHAR},
      pic_url = #{picUrl,jdbcType=VARCHAR},
      qrcode = #{qrcode,jdbcType=VARCHAR},
      reg_start = #{regStart,jdbcType=VARCHAR},
      reg_end = #{regEnd,jdbcType=VARCHAR},
      status = #{status,jdbcType=INTEGER},
      user_id = #{userId,jdbcType=INTEGER},
      created = #{created,jdbcType=TIMESTAMP}
    where id = #{id,jdbcType=INTEGER}
  </update>
</mapper>