<?xml version="1.0" encoding="UTF-8" ?>
<!DOCTYPE mapper PUBLIC "-//mybatis.org//DTD Mapper 3.0//EN" "http://mybatis.org/dtd/mybatis-3-mapper.dtd" >
<mapper namespace="com.kbds.weChat.dao.ConferenceNoteMapper" >
  <resultMap id="BaseResultMap" type="com.kbds.weChat.entity.ConferenceNote" >
    <id column="id" property="id" jdbcType="INTEGER" />
    <result column="conference_id" property="conferenceId" jdbcType="INTEGER" />
    <result column="type_id" property="typeId" jdbcType="INTEGER" />
    <result column="user_id" property="userId" jdbcType="INTEGER" />
    <result column="created" property="created" jdbcType="TIMESTAMP" />
    <result column="status" property="status" jdbcType="INTEGER" />
  </resultMap>
  <resultMap id="ResultMapWithBLOBs" type="com.kbds.weChat.entity.ConferenceNote" extends="BaseResultMap" >
    <result column="content" property="content" jdbcType="LONGVARCHAR" />
  </resultMap>
  <sql id="Base_Column_List" >
    id, conference_id, type_id, user_id, created, status
  </sql>
  <sql id="Blob_Column_List" >
    content
  </sql>
  <select id="selectByPrimaryKey" resultMap="ResultMapWithBLOBs" parameterType="java.lang.Integer" >
    select 
    <include refid="Base_Column_List" />
    ,
    <include refid="Blob_Column_List" />
    from kb_conference_note
    where id = #{id,jdbcType=INTEGER}
  </select>
  <delete id="deleteByPrimaryKey" parameterType="java.lang.Integer" >
    delete from kb_conference_note
    where id = #{id,jdbcType=INTEGER}
  </delete>
  <insert id="insert" parameterType="com.kbds.weChat.entity.ConferenceNote" >
    insert into kb_conference_note (id, conference_id, type_id, 
      user_id, created, status, 
      content)
    values (#{id,jdbcType=INTEGER}, #{conferenceId,jdbcType=INTEGER}, #{typeId,jdbcType=INTEGER}, 
      #{userId,jdbcType=INTEGER}, #{created,jdbcType=TIMESTAMP}, #{status,jdbcType=INTEGER}, 
      #{content,jdbcType=LONGVARCHAR})
  </insert>
  <insert id="insertSelective" parameterType="com.kbds.weChat.entity.ConferenceNote" >
    insert into kb_conference_note
    <trim prefix="(" suffix=")" suffixOverrides="," >
      <if test="id != null" >
        id,
      </if>
      <if test="conferenceId != null" >
        conference_id,
      </if>
      <if test="typeId != null" >
        type_id,
      </if>
      <if test="userId != null" >
        user_id,
      </if>
      <if test="created != null" >
        created,
      </if>
      <if test="status != null" >
        status,
      </if>
      <if test="content != null" >
        content,
      </if>
    </trim>
    <trim prefix="values (" suffix=")" suffixOverrides="," >
      <if test="id != null" >
        #{id,jdbcType=INTEGER},
      </if>
      <if test="conferenceId != null" >
        #{conferenceId,jdbcType=INTEGER},
      </if>
      <if test="typeId != null" >
        #{typeId,jdbcType=INTEGER},
      </if>
      <if test="userId != null" >
        #{userId,jdbcType=INTEGER},
      </if>
      <if test="created != null" >
        #{created,jdbcType=TIMESTAMP},
      </if>
      <if test="status != null" >
        #{status,jdbcType=INTEGER},
      </if>
      <if test="content != null" >
        #{content,jdbcType=LONGVARCHAR},
      </if>
    </trim>
  </insert>
  <update id="updateByPrimaryKeySelective" parameterType="com.kbds.weChat.entity.ConferenceNote" >
    update kb_conference_note
    <set >
      <if test="conferenceId != null" >
        conference_id = #{conferenceId,jdbcType=INTEGER},
      </if>
      <if test="typeId != null" >
        type_id = #{typeId,jdbcType=INTEGER},
      </if>
      <if test="userId != null" >
        user_id = #{userId,jdbcType=INTEGER},
      </if>
      <if test="created != null" >
        created = #{created,jdbcType=TIMESTAMP},
      </if>
      <if test="status != null" >
        status = #{status,jdbcType=INTEGER},
      </if>
      <if test="content != null" >
        content = #{content,jdbcType=LONGVARCHAR},
      </if>
    </set>
    where id = #{id,jdbcType=INTEGER}
  </update>
  <update id="updateByPrimaryKeyWithBLOBs" parameterType="com.kbds.weChat.entity.ConferenceNote" >
    update kb_conference_note
    set conference_id = #{conferenceId,jdbcType=INTEGER},
      type_id = #{typeId,jdbcType=INTEGER},
      user_id = #{userId,jdbcType=INTEGER},
      created = #{created,jdbcType=TIMESTAMP},
      status = #{status,jdbcType=INTEGER},
      content = #{content,jdbcType=LONGVARCHAR}
    where id = #{id,jdbcType=INTEGER}
  </update>
  <update id="updateByPrimaryKey" parameterType="com.kbds.weChat.entity.ConferenceNote" >
    update kb_conference_note
    set conference_id = #{conferenceId,jdbcType=INTEGER},
      type_id = #{typeId,jdbcType=INTEGER},
      user_id = #{userId,jdbcType=INTEGER},
      created = #{created,jdbcType=TIMESTAMP},
      status = #{status,jdbcType=INTEGER}
    where id = #{id,jdbcType=INTEGER}
  </update>
</mapper>