<?xml version="1.0" encoding="UTF-8" ?>
<!DOCTYPE mapper PUBLIC "-//mybatis.org//DTD Mapper 3.0//EN" "http://mybatis.org/dtd/mybatis-3-mapper.dtd" >
<mapper namespace="com.kbds.weChat.dao.ConferenceAgendaMapper" >
  <resultMap id="BaseResultMap" type="com.kbds.weChat.entity.ConferenceAgenda" >
    <id column="id" property="id" jdbcType="INTEGER" />
    <result column="conference_id" property="conferenceId" jdbcType="INTEGER" />
    <result column="hold_date" property="holdDate" jdbcType="VARCHAR" />
    <result column="start_time" property="startTime" jdbcType="VARCHAR" />
    <result column="end_time" property="endTime" jdbcType="VARCHAR" />
    <result column="subject" property="subject" jdbcType="VARCHAR" />
    <result column="guest_id" property="guestId" jdbcType="INTEGER" />
    <result column="category_id" property="categoryId" jdbcType="INTEGER" />
    <result column="user_id" property="userId" jdbcType="INTEGER" />
    <result column="created" property="created" jdbcType="TIMESTAMP" />
    <result column="status" property="status" jdbcType="INTEGER" />
  </resultMap>
  <sql id="Base_Column_List" >
    id, conference_id, hold_date, start_time, end_time, subject, guest_id, category_id, 
    user_id, created, status
  </sql>
  <select id="selectByPrimaryKey" resultMap="BaseResultMap" parameterType="java.lang.Integer" >
    select 
    <include refid="Base_Column_List" />
    from kb_conference_agenda
    where id = #{id,jdbcType=INTEGER}
  </select>
  <delete id="deleteByPrimaryKey" parameterType="java.lang.Integer" >
    delete from kb_conference_agenda
    where id = #{id,jdbcType=INTEGER}
  </delete>
  <insert id="insert" parameterType="com.kbds.weChat.entity.ConferenceAgenda" >
    insert into kb_conference_agenda (id, conference_id, hold_date, 
      start_time, end_time, subject, 
      guest_id, category_id, user_id, 
      created, status)
    values (#{id,jdbcType=INTEGER}, #{conferenceId,jdbcType=INTEGER}, #{holdDate,jdbcType=VARCHAR}, 
      #{startTime,jdbcType=VARCHAR}, #{endTime,jdbcType=VARCHAR}, #{subject,jdbcType=VARCHAR}, 
      #{guestId,jdbcType=INTEGER}, #{categoryId,jdbcType=INTEGER}, #{userId,jdbcType=INTEGER}, 
      #{created,jdbcType=TIMESTAMP}, #{status,jdbcType=INTEGER})
  </insert>
  <insert id="insertSelective" parameterType="com.kbds.weChat.entity.ConferenceAgenda" >
    insert into kb_conference_agenda
    <trim prefix="(" suffix=")" suffixOverrides="," >
      <if test="id != null" >
        id,
      </if>
      <if test="conferenceId != null" >
        conference_id,
      </if>
      <if test="holdDate != null" >
        hold_date,
      </if>
      <if test="startTime != null" >
        start_time,
      </if>
      <if test="endTime != null" >
        end_time,
      </if>
      <if test="subject != null" >
        subject,
      </if>
      <if test="guestId != null" >
        guest_id,
      </if>
      <if test="categoryId != null" >
        category_id,
      </if>
      <if test="userId != null" >
        user_id,
      </if>
      <if test="created != null" >
        created,
      </if>
      <if test="status != null" >
        status,
      </if>
    </trim>
    <trim prefix="values (" suffix=")" suffixOverrides="," >
      <if test="id != null" >
        #{id,jdbcType=INTEGER},
      </if>
      <if test="conferenceId != null" >
        #{conferenceId,jdbcType=INTEGER},
      </if>
      <if test="holdDate != null" >
        #{holdDate,jdbcType=VARCHAR},
      </if>
      <if test="startTime != null" >
        #{startTime,jdbcType=VARCHAR},
      </if>
      <if test="endTime != null" >
        #{endTime,jdbcType=VARCHAR},
      </if>
      <if test="subject != null" >
        #{subject,jdbcType=VARCHAR},
      </if>
      <if test="guestId != null" >
        #{guestId,jdbcType=INTEGER},
      </if>
      <if test="categoryId != null" >
        #{categoryId,jdbcType=INTEGER},
      </if>
      <if test="userId != null" >
        #{userId,jdbcType=INTEGER},
      </if>
      <if test="created != null" >
        #{created,jdbcType=TIMESTAMP},
      </if>
      <if test="status != null" >
        #{status,jdbcType=INTEGER},
      </if>
    </trim>
  </insert>
  <update id="updateByPrimaryKeySelective" parameterType="com.kbds.weChat.entity.ConferenceAgenda" >
    update kb_conference_agenda
    <set >
      <if test="conferenceId != null" >
        conference_id = #{conferenceId,jdbcType=INTEGER},
      </if>
      <if test="holdDate != null" >
        hold_date = #{holdDate,jdbcType=VARCHAR},
      </if>
      <if test="startTime != null" >
        start_time = #{startTime,jdbcType=VARCHAR},
      </if>
      <if test="endTime != null" >
        end_time = #{endTime,jdbcType=VARCHAR},
      </if>
      <if test="subject != null" >
        subject = #{subject,jdbcType=VARCHAR},
      </if>
      <if test="guestId != null" >
        guest_id = #{guestId,jdbcType=INTEGER},
      </if>
      <if test="categoryId != null" >
        category_id = #{categoryId,jdbcType=INTEGER},
      </if>
      <if test="userId != null" >
        user_id = #{userId,jdbcType=INTEGER},
      </if>
      <if test="created != null" >
        created = #{created,jdbcType=TIMESTAMP},
      </if>
      <if test="status != null" >
        status = #{status,jdbcType=INTEGER},
      </if>
    </set>
    where id = #{id,jdbcType=INTEGER}
  </update>
  <update id="updateByPrimaryKey" parameterType="com.kbds.weChat.entity.ConferenceAgenda" >
    update kb_conference_agenda
    set conference_id = #{conferenceId,jdbcType=INTEGER},
      hold_date = #{holdDate,jdbcType=VARCHAR},
      start_time = #{startTime,jdbcType=VARCHAR},
      end_time = #{endTime,jdbcType=VARCHAR},
      subject = #{subject,jdbcType=VARCHAR},
      guest_id = #{guestId,jdbcType=INTEGER},
      category_id = #{categoryId,jdbcType=INTEGER},
      user_id = #{userId,jdbcType=INTEGER},
      created = #{created,jdbcType=TIMESTAMP},
      status = #{status,jdbcType=INTEGER}
    where id = #{id,jdbcType=INTEGER}
  </update>
</mapper>