<?xml version="1.0" encoding="UTF-8" ?>
<!DOCTYPE mapper PUBLIC "-//mybatis.org//DTD Mapper 3.0//EN" "http://mybatis.org/dtd/mybatis-3-mapper.dtd" >
<mapper namespace="com.kbds.weChat.dao.ConferenceFilesMapper" >
  <resultMap id="BaseResultMap" type="com.kbds.weChat.entity.ConferenceFiles" >
    <id column="id" property="id" jdbcType="INTEGER" />
    <result column="conference_id" property="conferenceId" jdbcType="INTEGER" />
    <result column="attach_name" property="attachName" jdbcType="VARCHAR" />
    <result column="type_id" property="typeId" jdbcType="INTEGER" />
    <result column="attach_path" property="attachPath" jdbcType="VARCHAR" />
    <result column="user_id" property="userId" jdbcType="INTEGER" />
    <result column="created" property="created" jdbcType="TIMESTAMP" />
    <result column="status" property="status" jdbcType="INTEGER" />
  </resultMap>
  <sql id="Base_Column_List" >
    id, conference_id, attach_name, type_id, attach_path, user_id, created, status
  </sql>
  <select id="selectByPrimaryKey" resultMap="BaseResultMap" parameterType="java.lang.Integer" >
    select 
    <include refid="Base_Column_List" />
    from kb_conference_files
    where id = #{id,jdbcType=INTEGER}
  </select>
  <delete id="deleteByPrimaryKey" parameterType="java.lang.Integer" >
    delete from kb_conference_files
    where id = #{id,jdbcType=INTEGER}
  </delete>
  <insert id="insert" parameterType="com.kbds.weChat.entity.ConferenceFiles" >
    insert into kb_conference_files (id, conference_id, attach_name, 
      type_id, attach_path, user_id, 
      created, status)
    values (#{id,jdbcType=INTEGER}, #{conferenceId,jdbcType=INTEGER}, #{attachName,jdbcType=VARCHAR}, 
      #{typeId,jdbcType=INTEGER}, #{attachPath,jdbcType=VARCHAR}, #{userId,jdbcType=INTEGER}, 
      #{created,jdbcType=TIMESTAMP}, #{status,jdbcType=INTEGER})
  </insert>
  <insert id="insertSelective" parameterType="com.kbds.weChat.entity.ConferenceFiles" >
    insert into kb_conference_files
    <trim prefix="(" suffix=")" suffixOverrides="," >
      <if test="id != null" >
        id,
      </if>
      <if test="conferenceId != null" >
        conference_id,
      </if>
      <if test="attachName != null" >
        attach_name,
      </if>
      <if test="typeId != null" >
        type_id,
      </if>
      <if test="attachPath != null" >
        attach_path,
      </if>
      <if test="userId != null" >
        user_id,
      </if>
      <if test="created != null" >
        created,
      </if>
      <if test="status != null" >
        status,
      </if>
    </trim>
    <trim prefix="values (" suffix=")" suffixOverrides="," >
      <if test="id != null" >
        #{id,jdbcType=INTEGER},
      </if>
      <if test="conferenceId != null" >
        #{conferenceId,jdbcType=INTEGER},
      </if>
      <if test="attachName != null" >
        #{attachName,jdbcType=VARCHAR},
      </if>
      <if test="typeId != null" >
        #{typeId,jdbcType=INTEGER},
      </if>
      <if test="attachPath != null" >
        #{attachPath,jdbcType=VARCHAR},
      </if>
      <if test="userId != null" >
        #{userId,jdbcType=INTEGER},
      </if>
      <if test="created != null" >
        #{created,jdbcType=TIMESTAMP},
      </if>
      <if test="status != null" >
        #{status,jdbcType=INTEGER},
      </if>
    </trim>
  </insert>
  <update id="updateByPrimaryKeySelective" parameterType="com.kbds.weChat.entity.ConferenceFiles" >
    update kb_conference_files
    <set >
      <if test="conferenceId != null" >
        conference_id = #{conferenceId,jdbcType=INTEGER},
      </if>
      <if test="attachName != null" >
        attach_name = #{attachName,jdbcType=VARCHAR},
      </if>
      <if test="typeId != null" >
        type_id = #{typeId,jdbcType=INTEGER},
      </if>
      <if test="attachPath != null" >
        attach_path = #{attachPath,jdbcType=VARCHAR},
      </if>
      <if test="userId != null" >
        user_id = #{userId,jdbcType=INTEGER},
      </if>
      <if test="created != null" >
        created = #{created,jdbcType=TIMESTAMP},
      </if>
      <if test="status != null" >
        status = #{status,jdbcType=INTEGER},
      </if>
    </set>
    where id = #{id,jdbcType=INTEGER}
  </update>
  <update id="updateByPrimaryKey" parameterType="com.kbds.weChat.entity.ConferenceFiles" >
    update kb_conference_files
    set conference_id = #{conferenceId,jdbcType=INTEGER},
      attach_name = #{attachName,jdbcType=VARCHAR},
      type_id = #{typeId,jdbcType=INTEGER},
      attach_path = #{attachPath,jdbcType=VARCHAR},
      user_id = #{userId,jdbcType=INTEGER},
      created = #{created,jdbcType=TIMESTAMP},
      status = #{status,jdbcType=INTEGER}
    where id = #{id,jdbcType=INTEGER}
  </update>
</mapper>