<?xml version="1.0" encoding="UTF-8" ?>
<!DOCTYPE mapper PUBLIC "-//mybatis.org//DTD Mapper 3.0//EN" "http://mybatis.org/dtd/mybatis-3-mapper.dtd" >
<mapper namespace="com.kbds.weChat.dao.HonoredGuestMapper" >
  <resultMap id="BaseResultMap" type="com.kbds.weChat.entity.HonoredGuest" >
    <id column="id" property="id" jdbcType="INTEGER" />
    <result column="name" property="name" jdbcType="VARCHAR" />
    <result column="title" property="title" jdbcType="VARCHAR" />
    <result column="pic_url" property="picUrl" jdbcType="VARCHAR" />
    <result column="brief" property="brief" jdbcType="VARCHAR" />
    <result column="specification" property="specification" jdbcType="VARCHAR" />
    <result column="user_id" property="userId" jdbcType="INTEGER" />
    <result column="created" property="created" jdbcType="TIMESTAMP" />
    <result column="status" property="status" jdbcType="INTEGER" />
  </resultMap>
  <sql id="Base_Column_List" >
    id, name, title, pic_url, brief, specification, user_id, created, status
  </sql>
  <select id="selectByPrimaryKey" resultMap="BaseResultMap" parameterType="java.lang.Integer" >
    select 
    <include refid="Base_Column_List" />
    from kb_honored_guest
    where id = #{id,jdbcType=INTEGER}
  </select>
  <delete id="deleteByPrimaryKey" parameterType="java.lang.Integer" >
    delete from kb_honored_guest
    where id = #{id,jdbcType=INTEGER}
  </delete>
  <insert id="insert" parameterType="com.kbds.weChat.entity.HonoredGuest" >
    insert into kb_honored_guest (id, name, title, 
      pic_url, brief, specification, 
      user_id, created, status
      )
    values (#{id,jdbcType=INTEGER}, #{name,jdbcType=VARCHAR}, #{title,jdbcType=VARCHAR}, 
      #{picUrl,jdbcType=VARCHAR}, #{brief,jdbcType=VARCHAR}, #{specification,jdbcType=VARCHAR}, 
      #{userId,jdbcType=INTEGER}, #{created,jdbcType=TIMESTAMP}, #{status,jdbcType=INTEGER}
      )
  </insert>
  <insert id="insertSelective" parameterType="com.kbds.weChat.entity.HonoredGuest" >
    insert into kb_honored_guest
    <trim prefix="(" suffix=")" suffixOverrides="," >
      <if test="id != null" >
        id,
      </if>
      <if test="name != null" >
        name,
      </if>
      <if test="title != null" >
        title,
      </if>
      <if test="picUrl != null" >
        pic_url,
      </if>
      <if test="brief != null" >
        brief,
      </if>
      <if test="specification != null" >
        specification,
      </if>
      <if test="userId != null" >
        user_id,
      </if>
      <if test="created != null" >
        created,
      </if>
      <if test="status != null" >
        status,
      </if>
    </trim>
    <trim prefix="values (" suffix=")" suffixOverrides="," >
      <if test="id != null" >
        #{id,jdbcType=INTEGER},
      </if>
      <if test="name != null" >
        #{name,jdbcType=VARCHAR},
      </if>
      <if test="title != null" >
        #{title,jdbcType=VARCHAR},
      </if>
      <if test="picUrl != null" >
        #{picUrl,jdbcType=VARCHAR},
      </if>
      <if test="brief != null" >
        #{brief,jdbcType=VARCHAR},
      </if>
      <if test="specification != null" >
        #{specification,jdbcType=VARCHAR},
      </if>
      <if test="userId != null" >
        #{userId,jdbcType=INTEGER},
      </if>
      <if test="created != null" >
        #{created,jdbcType=TIMESTAMP},
      </if>
      <if test="status != null" >
        #{status,jdbcType=INTEGER},
      </if>
    </trim>
  </insert>
  <update id="updateByPrimaryKeySelective" parameterType="com.kbds.weChat.entity.HonoredGuest" >
    update kb_honored_guest
    <set >
      <if test="name != null" >
        name = #{name,jdbcType=VARCHAR},
      </if>
      <if test="title != null" >
        title = #{title,jdbcType=VARCHAR},
      </if>
      <if test="picUrl != null" >
        pic_url = #{picUrl,jdbcType=VARCHAR},
      </if>
      <if test="brief != null" >
        brief = #{brief,jdbcType=VARCHAR},
      </if>
      <if test="specification != null" >
        specification = #{specification,jdbcType=VARCHAR},
      </if>
      <if test="userId != null" >
        user_id = #{userId,jdbcType=INTEGER},
      </if>
      <if test="created != null" >
        created = #{created,jdbcType=TIMESTAMP},
      </if>
      <if test="status != null" >
        status = #{status,jdbcType=INTEGER},
      </if>
    </set>
    where id = #{id,jdbcType=INTEGER}
  </update>
  <update id="updateByPrimaryKey" parameterType="com.kbds.weChat.entity.HonoredGuest" >
    update kb_honored_guest
    set name = #{name,jdbcType=VARCHAR},
      title = #{title,jdbcType=VARCHAR},
      pic_url = #{picUrl,jdbcType=VARCHAR},
      brief = #{brief,jdbcType=VARCHAR},
      specification = #{specification,jdbcType=VARCHAR},
      user_id = #{userId,jdbcType=INTEGER},
      created = #{created,jdbcType=TIMESTAMP},
      status = #{status,jdbcType=INTEGER}
    where id = #{id,jdbcType=INTEGER}
  </update>
</mapper>