<?xml version="1.0" encoding="UTF-8"?>
<!DOCTYPE mapper PUBLIC "-//mybatis.org//DTD Mapper 3.0//EN" "http://mybatis.org/dtd/mybatis-3-mapper.dtd">
<mapper namespace="com.kbds.weChat.dao.NewsCategoriesMapper">
  <resultMap id="BaseResultMap" type="com.kbds.weChat.entity.NewsCategories">
    <id column="id" jdbcType="INTEGER" property="id" />
    <result column="pid" jdbcType="INTEGER" property="pid" />
    <result column="code" jdbcType="VARCHAR" property="code" />
    <result column="name" jdbcType="VARCHAR" property="name" />
    <result column="status" jdbcType="INTEGER" property="status" />
    <result column="user_id" jdbcType="INTEGER" property="userId" />
    <result column="created" jdbcType="TIMESTAMP" property="created" />
  </resultMap>
  <sql id="Base_Column_List">
    id, pid, code, name, status, user_id, created
  </sql>
  <select id="selectByPrimaryKey" parameterType="java.lang.Integer" resultMap="BaseResultMap">
    select 
    <include refid="Base_Column_List" />
    from kb_news_categories
    where id = #{id,jdbcType=INTEGER}
  </select>
  <delete id="deleteByPrimaryKey" parameterType="java.lang.Integer">
    delete from kb_news_categories
    where id = #{id,jdbcType=INTEGER}
  </delete>
  <insert id="insert" parameterType="com.kbds.weChat.entity.NewsCategories">
    insert into kb_news_categories (id, pid, code, 
      name, status, user_id, 
      created)
    values (#{id,jdbcType=INTEGER}, #{pid,jdbcType=INTEGER}, #{code,jdbcType=VARCHAR}, 
      #{name,jdbcType=VARCHAR}, #{status,jdbcType=INTEGER}, #{userId,jdbcType=INTEGER}, 
      #{created,jdbcType=TIMESTAMP})
  </insert>
  <insert id="insertSelective" parameterType="com.kbds.weChat.entity.NewsCategories">
    insert into kb_news_categories
    <trim prefix="(" suffix=")" suffixOverrides=",">
      <if test="id != null">
        id,
      </if>
      <if test="pid != null">
        pid,
      </if>
      <if test="code != null">
        code,
      </if>
      <if test="name != null">
        name,
      </if>
      <if test="status != null">
        status,
      </if>
      <if test="userId != null">
        user_id,
      </if>
      <if test="created != null">
        created,
      </if>
    </trim>
    <trim prefix="values (" suffix=")" suffixOverrides=",">
      <if test="id != null">
        #{id,jdbcType=INTEGER},
      </if>
      <if test="pid != null">
        #{pid,jdbcType=INTEGER},
      </if>
      <if test="code != null">
        #{code,jdbcType=VARCHAR},
      </if>
      <if test="name != null">
        #{name,jdbcType=VARCHAR},
      </if>
      <if test="status != null">
        #{status,jdbcType=INTEGER},
      </if>
      <if test="userId != null">
        #{userId,jdbcType=INTEGER},
      </if>
      <if test="created != null">
        #{created,jdbcType=TIMESTAMP},
      </if>
    </trim>
  </insert>
  <update id="updateByPrimaryKeySelective" parameterType="com.kbds.weChat.entity.NewsCategories">
    update kb_news_categories
    <set>
      <if test="pid != null">
        pid = #{pid,jdbcType=INTEGER},
      </if>
      <if test="code != null">
        code = #{code,jdbcType=VARCHAR},
      </if>
      <if test="name != null">
        name = #{name,jdbcType=VARCHAR},
      </if>
      <if test="status != null">
        status = #{status,jdbcType=INTEGER},
      </if>
      <if test="userId != null">
        user_id = #{userId,jdbcType=INTEGER},
      </if>
      <if test="created != null">
        created = #{created,jdbcType=TIMESTAMP},
      </if>
    </set>
    where id = #{id,jdbcType=INTEGER}
  </update>
  <update id="updateByPrimaryKey" parameterType="com.kbds.weChat.entity.NewsCategories">
    update kb_news_categories
    set pid = #{pid,jdbcType=INTEGER},
      code = #{code,jdbcType=VARCHAR},
      name = #{name,jdbcType=VARCHAR},
      status = #{status,jdbcType=INTEGER},
      user_id = #{userId,jdbcType=INTEGER},
      created = #{created,jdbcType=TIMESTAMP}
    where id = #{id,jdbcType=INTEGER}
  </update>
  <resultMap id="BaseResultMap" type="com.kbds.weChat.entity.NewsCategories">
    <id column="id" jdbcType="INTEGER" property="id" />
    <result column="pid" jdbcType="INTEGER" property="pid" />
    <result column="code" jdbcType="VARCHAR" property="code" />
    <result column="name" jdbcType="VARCHAR" property="name" />
    <result column="status" jdbcType="INTEGER" property="status" />
    <result column="user_id" jdbcType="INTEGER" property="userId" />
    <result column="created" jdbcType="TIMESTAMP" property="created" />
  </resultMap>
  <sql id="Base_Column_List">
    id, pid, code, name, status, user_id, created
  </sql>
  <select id="selectByPrimaryKey" parameterType="java.lang.Integer" resultMap="BaseResultMap">
    select 
    <include refid="Base_Column_List" />
    from kb_news_categories
    where id = #{id,jdbcType=INTEGER}
  </select>
  <delete id="deleteByPrimaryKey" parameterType="java.lang.Integer">
    delete from kb_news_categories
    where id = #{id,jdbcType=INTEGER}
  </delete>
  <insert id="insert" parameterType="com.kbds.weChat.entity.NewsCategories">
    insert into kb_news_categories (id, pid, code, 
      name, status, user_id, 
      created)
    values (#{id,jdbcType=INTEGER}, #{pid,jdbcType=INTEGER}, #{code,jdbcType=VARCHAR}, 
      #{name,jdbcType=VARCHAR}, #{status,jdbcType=INTEGER}, #{userId,jdbcType=INTEGER}, 
      #{created,jdbcType=TIMESTAMP})
  </insert>
  <insert id="insertSelective" parameterType="com.kbds.weChat.entity.NewsCategories">
    insert into kb_news_categories
    <trim prefix="(" suffix=")" suffixOverrides=",">
      <if test="id != null">
        id,
      </if>
      <if test="pid != null">
        pid,
      </if>
      <if test="code != null">
        code,
      </if>
      <if test="name != null">
        name,
      </if>
      <if test="status != null">
        status,
      </if>
      <if test="userId != null">
        user_id,
      </if>
      <if test="created != null">
        created,
      </if>
    </trim>
    <trim prefix="values (" suffix=")" suffixOverrides=",">
      <if test="id != null">
        #{id,jdbcType=INTEGER},
      </if>
      <if test="pid != null">
        #{pid,jdbcType=INTEGER},
      </if>
      <if test="code != null">
        #{code,jdbcType=VARCHAR},
      </if>
      <if test="name != null">
        #{name,jdbcType=VARCHAR},
      </if>
      <if test="status != null">
        #{status,jdbcType=INTEGER},
      </if>
      <if test="userId != null">
        #{userId,jdbcType=INTEGER},
      </if>
      <if test="created != null">
        #{created,jdbcType=TIMESTAMP},
      </if>
    </trim>
  </insert>
  <update id="updateByPrimaryKeySelective" parameterType="com.kbds.weChat.entity.NewsCategories">
    update kb_news_categories
    <set>
      <if test="pid != null">
        pid = #{pid,jdbcType=INTEGER},
      </if>
      <if test="code != null">
        code = #{code,jdbcType=VARCHAR},
      </if>
      <if test="name != null">
        name = #{name,jdbcType=VARCHAR},
      </if>
      <if test="status != null">
        status = #{status,jdbcType=INTEGER},
      </if>
      <if test="userId != null">
        user_id = #{userId,jdbcType=INTEGER},
      </if>
      <if test="created != null">
        created = #{created,jdbcType=TIMESTAMP},
      </if>
    </set>
    where id = #{id,jdbcType=INTEGER}
  </update>
  <update id="updateByPrimaryKey" parameterType="com.kbds.weChat.entity.NewsCategories">
    update kb_news_categories
    set pid = #{pid,jdbcType=INTEGER},
      code = #{code,jdbcType=VARCHAR},
      name = #{name,jdbcType=VARCHAR},
      status = #{status,jdbcType=INTEGER},
      user_id = #{userId,jdbcType=INTEGER},
      created = #{created,jdbcType=TIMESTAMP}
    where id = #{id,jdbcType=INTEGER}
  </update>
</mapper>