<?xml version="1.0" encoding="UTF-8" ?>
<!DOCTYPE mapper PUBLIC "-//mybatis.org//DTD Mapper 3.0//EN" "http://mybatis.org/dtd/mybatis-3-mapper.dtd" >
<mapper namespace="com.kbds.weChat.dao.NewsInfosMapper" >
  <resultMap id="BaseResultMap" type="com.kbds.weChat.entity.NewsInfos" >
    <id column="id" property="id" jdbcType="INTEGER" />
    <result column="category_id" property="categoryId" jdbcType="INTEGER" />
    <result column="title" property="title" jdbcType="VARCHAR" />
    <result column="brief" property="brief" jdbcType="VARCHAR" />
    <result column="pic_url" property="picUrl" jdbcType="VARCHAR" />
    <result column="click_count" property="clickCount" jdbcType="INTEGER" />
    <result column="status" property="status" jdbcType="INTEGER" />
    <result column="user_id" property="userId" jdbcType="INTEGER" />
    <result column="created" property="created" jdbcType="TIMESTAMP" />
  </resultMap>
  <resultMap id="ResultMapWithBLOBs" type="com.kbds.weChat.entity.NewsInfos" extends="BaseResultMap" >
    <result column="content" property="content" jdbcType="LONGVARCHAR" />
  </resultMap>
  <sql id="Base_Column_List" >
    id, category_id, title, brief, pic_url, click_count, status, user_id, created
  </sql>
  <sql id="Blob_Column_List" >
    content
  </sql>
  <select id="selectByPrimaryKey" resultMap="ResultMapWithBLOBs" parameterType="java.lang.Integer" >
    select 
    <include refid="Base_Column_List" />
    ,
    <include refid="Blob_Column_List" />
    from kb_news_infos
    where id = #{id,jdbcType=INTEGER}
  </select>
  <delete id="deleteByPrimaryKey" parameterType="java.lang.Integer" >
    delete from kb_news_infos
    where id = #{id,jdbcType=INTEGER}
  </delete>
  <insert id="insert" parameterType="com.kbds.weChat.entity.NewsInfos" >
    insert into kb_news_infos (id, category_id, title, 
      brief, pic_url, click_count, 
      status, user_id, created, 
      content)
    values (#{id,jdbcType=INTEGER}, #{categoryId,jdbcType=INTEGER}, #{title,jdbcType=VARCHAR}, 
      #{brief,jdbcType=VARCHAR}, #{picUrl,jdbcType=VARCHAR}, #{clickCount,jdbcType=INTEGER}, 
      #{status,jdbcType=INTEGER}, #{userId,jdbcType=INTEGER}, #{created,jdbcType=TIMESTAMP}, 
      #{content,jdbcType=LONGVARCHAR})
  </insert>
  <insert id="insertSelective" parameterType="com.kbds.weChat.entity.NewsInfos" >
    insert into kb_news_infos
    <trim prefix="(" suffix=")" suffixOverrides="," >
      <if test="id != null" >
        id,
      </if>
      <if test="categoryId != null" >
        category_id,
      </if>
      <if test="title != null" >
        title,
      </if>
      <if test="brief != null" >
        brief,
      </if>
      <if test="picUrl != null" >
        pic_url,
      </if>
      <if test="clickCount != null" >
        click_count,
      </if>
      <if test="status != null" >
        status,
      </if>
      <if test="userId != null" >
        user_id,
      </if>
      <if test="created != null" >
        created,
      </if>
      <if test="content != null" >
        content,
      </if>
    </trim>
    <trim prefix="values (" suffix=")" suffixOverrides="," >
      <if test="id != null" >
        #{id,jdbcType=INTEGER},
      </if>
      <if test="categoryId != null" >
        #{categoryId,jdbcType=INTEGER},
      </if>
      <if test="title != null" >
        #{title,jdbcType=VARCHAR},
      </if>
      <if test="brief != null" >
        #{brief,jdbcType=VARCHAR},
      </if>
      <if test="picUrl != null" >
        #{picUrl,jdbcType=VARCHAR},
      </if>
      <if test="clickCount != null" >
        #{clickCount,jdbcType=INTEGER},
      </if>
      <if test="status != null" >
        #{status,jdbcType=INTEGER},
      </if>
      <if test="userId != null" >
        #{userId,jdbcType=INTEGER},
      </if>
      <if test="created != null" >
        #{created,jdbcType=TIMESTAMP},
      </if>
      <if test="content != null" >
        #{content,jdbcType=LONGVARCHAR},
      </if>
    </trim>
  </insert>
  <update id="updateByPrimaryKeySelective" parameterType="com.kbds.weChat.entity.NewsInfos" >
    update kb_news_infos
    <set >
      <if test="categoryId != null" >
        category_id = #{categoryId,jdbcType=INTEGER},
      </if>
      <if test="title != null" >
        title = #{title,jdbcType=VARCHAR},
      </if>
      <if test="brief != null" >
        brief = #{brief,jdbcType=VARCHAR},
      </if>
      <if test="picUrl != null" >
        pic_url = #{picUrl,jdbcType=VARCHAR},
      </if>
      <if test="clickCount != null" >
        click_count = #{clickCount,jdbcType=INTEGER},
      </if>
      <if test="status != null" >
        status = #{status,jdbcType=INTEGER},
      </if>
      <if test="userId != null" >
        user_id = #{userId,jdbcType=INTEGER},
      </if>
      <if test="created != null" >
        created = #{created,jdbcType=TIMESTAMP},
      </if>
      <if test="content != null" >
        content = #{content,jdbcType=LONGVARCHAR},
      </if>
    </set>
    where id = #{id,jdbcType=INTEGER}
  </update>
  <update id="updateByPrimaryKeyWithBLOBs" parameterType="com.kbds.weChat.entity.NewsInfos" >
    update kb_news_infos
    set category_id = #{categoryId,jdbcType=INTEGER},
      title = #{title,jdbcType=VARCHAR},
      brief = #{brief,jdbcType=VARCHAR},
      pic_url = #{picUrl,jdbcType=VARCHAR},
      click_count = #{clickCount,jdbcType=INTEGER},
      status = #{status,jdbcType=INTEGER},
      user_id = #{userId,jdbcType=INTEGER},
      created = #{created,jdbcType=TIMESTAMP},
      content = #{content,jdbcType=LONGVARCHAR}
    where id = #{id,jdbcType=INTEGER}
  </update>
  <update id="updateByPrimaryKey" parameterType="com.kbds.weChat.entity.NewsInfos" >
    update kb_news_infos
    set category_id = #{categoryId,jdbcType=INTEGER},
      title = #{title,jdbcType=VARCHAR},
      brief = #{brief,jdbcType=VARCHAR},
      pic_url = #{picUrl,jdbcType=VARCHAR},
      click_count = #{clickCount,jdbcType=INTEGER},
      status = #{status,jdbcType=INTEGER},
      user_id = #{userId,jdbcType=INTEGER},
      created = #{created,jdbcType=TIMESTAMP}
    where id = #{id,jdbcType=INTEGER}
  </update>
</mapper>