<?xml version="1.0" encoding="UTF-8" ?>
<!DOCTYPE mapper PUBLIC "-//mybatis.org//DTD Mapper 3.0//EN" "http://mybatis.org/dtd/mybatis-3-mapper.dtd" >
<mapper namespace="com.kbds.weChat.dao.UsersMapper" >
  <resultMap id="BaseResultMap" type="com.kbds.weChat.entity.Users" >
    <id column="id" property="id" jdbcType="INTEGER" />
    <result column="login_name" property="loginName" jdbcType="VARCHAR" />
    <result column="password" property="password" jdbcType="VARCHAR" />
    <result column="role_id" property="roleId" jdbcType="INTEGER" />
    <result column="email" property="email" jdbcType="VARCHAR" />
    <result column="mobile" property="mobile" jdbcType="VARCHAR" />
    <result column="last_login_date" property="lastLoginDate" jdbcType="VARCHAR" />
    <result column="last_login_ip" property="lastLoginIp" jdbcType="VARCHAR" />
    <result column="status" property="status" jdbcType="INTEGER" />
  </resultMap>
  <sql id="Base_Column_List" >
    id, login_name, password, role_id, email, mobile, last_login_date, last_login_ip, 
    status
  </sql>
  <select id="selectByPrimaryKey" resultMap="BaseResultMap" parameterType="java.lang.Integer" >
    select 
    <include refid="Base_Column_List" />
    from kb_users
    where id = #{id,jdbcType=INTEGER}
  </select>
  <delete id="deleteByPrimaryKey" parameterType="java.lang.Integer" >
    delete from kb_users
    where id = #{id,jdbcType=INTEGER}
  </delete>
  <insert id="insert" parameterType="com.kbds.weChat.entity.Users" >
    insert into kb_users (id, login_name, password, 
      role_id, email, mobile, 
      last_login_date, last_login_ip, status
      )
    values (#{id,jdbcType=INTEGER}, #{loginName,jdbcType=VARCHAR}, #{password,jdbcType=VARCHAR}, 
      #{roleId,jdbcType=INTEGER}, #{email,jdbcType=VARCHAR}, #{mobile,jdbcType=VARCHAR}, 
      #{lastLoginDate,jdbcType=VARCHAR}, #{lastLoginIp,jdbcType=VARCHAR}, #{status,jdbcType=INTEGER}
      )
  </insert>
  <insert id="insertSelective" parameterType="com.kbds.weChat.entity.Users" >
    insert into kb_users
    <trim prefix="(" suffix=")" suffixOverrides="," >
      <if test="id != null" >
        id,
      </if>
      <if test="loginName != null" >
        login_name,
      </if>
      <if test="password != null" >
        password,
      </if>
      <if test="roleId != null" >
        role_id,
      </if>
      <if test="email != null" >
        email,
      </if>
      <if test="mobile != null" >
        mobile,
      </if>
      <if test="lastLoginDate != null" >
        last_login_date,
      </if>
      <if test="lastLoginIp != null" >
        last_login_ip,
      </if>
      <if test="status != null" >
        status,
      </if>
    </trim>
    <trim prefix="values (" suffix=")" suffixOverrides="," >
      <if test="id != null" >
        #{id,jdbcType=INTEGER},
      </if>
      <if test="loginName != null" >
        #{loginName,jdbcType=VARCHAR},
      </if>
      <if test="password != null" >
        #{password,jdbcType=VARCHAR},
      </if>
      <if test="roleId != null" >
        #{roleId,jdbcType=INTEGER},
      </if>
      <if test="email != null" >
        #{email,jdbcType=VARCHAR},
      </if>
      <if test="mobile != null" >
        #{mobile,jdbcType=VARCHAR},
      </if>
      <if test="lastLoginDate != null" >
        #{lastLoginDate,jdbcType=VARCHAR},
      </if>
      <if test="lastLoginIp != null" >
        #{lastLoginIp,jdbcType=VARCHAR},
      </if>
      <if test="status != null" >
        #{status,jdbcType=INTEGER},
      </if>
    </trim>
  </insert>
  <update id="updateByPrimaryKeySelective" parameterType="com.kbds.weChat.entity.Users" >
    update kb_users
    <set >
      <if test="loginName != null" >
        login_name = #{loginName,jdbcType=VARCHAR},
      </if>
      <if test="password != null" >
        password = #{password,jdbcType=VARCHAR},
      </if>
      <if test="roleId != null" >
        role_id = #{roleId,jdbcType=INTEGER},
      </if>
      <if test="email != null" >
        email = #{email,jdbcType=VARCHAR},
      </if>
      <if test="mobile != null" >
        mobile = #{mobile,jdbcType=VARCHAR},
      </if>
      <if test="lastLoginDate != null" >
        last_login_date = #{lastLoginDate,jdbcType=VARCHAR},
      </if>
      <if test="lastLoginIp != null" >
        last_login_ip = #{lastLoginIp,jdbcType=VARCHAR},
      </if>
      <if test="status != null" >
        status = #{status,jdbcType=INTEGER},
      </if>
    </set>
    where id = #{id,jdbcType=INTEGER}
  </update>
  <update id="updateByPrimaryKey" parameterType="com.kbds.weChat.entity.Users" >
    update kb_users
    set login_name = #{loginName,jdbcType=VARCHAR},
      password = #{password,jdbcType=VARCHAR},
      role_id = #{roleId,jdbcType=INTEGER},
      email = #{email,jdbcType=VARCHAR},
      mobile = #{mobile,jdbcType=VARCHAR},
      last_login_date = #{lastLoginDate,jdbcType=VARCHAR},
      last_login_ip = #{lastLoginIp,jdbcType=VARCHAR},
      status = #{status,jdbcType=INTEGER}
    where id = #{id,jdbcType=INTEGER}
  </update>
</mapper>